{"cameraMode":{"drawMode":0,"name":"Shaded","section":"Shading Mode"},"sceneLighting":false,"audioPlay":false,"sceneViewState":{"m_AlwaysRefresh":false,"showFog":true,"showSkybox":false,"showFlares":true,"showImageEffects":true,"showParticleSystems":true,"showVisualEffectGraphs":true,"m_FxEnabled":true},"in2DMode":false,"pivot":{"x":0.016848444938659669,"y":1.2368096113204957,"z":-0.5463579893112183},"rotation":{"x":0.22135576605796815,"y":0.030039716511964799,"z":-0.006830867845565081,"w":0.9747205376625061},"size":2.0797879695892336,"orthographic":false}