{"cameraMode":{"drawMode":0,"name":"Shaded","section":"Shading Mode"},"sceneLighting":true,"audioPlay":false,"sceneViewState":{"m_AlwaysRefresh":false,"showFog":true,"showSkybox":true,"showFlares":true,"showImageEffects":true,"showParticleSystems":true,"showVisualEffectGraphs":true,"m_FxEnabled":true},"in2DMode":false,"pivot":{"x":1.2487068176269532,"y":1.3164526224136353,"z":-0.4193044900894165},"rotation":{"x":0.06276889145374298,"y":-0.6841372847557068,"z":0.06066421791911125,"w":0.724177896976471},"size":3.0259170532226564,"orthographic":false}