{"cameraMode":{"drawMode":0,"name":"Shaded","section":"Shading Mode"},"sceneLighting":true,"audioPlay":false,"sceneViewState":{"m_AlwaysRefresh":false,"showFog":true,"showSkybox":true,"showFlares":true,"showImageEffects":true,"showParticleSystems":true,"showVisualEffectGraphs":true,"m_FxEnabled":true},"in2DMode":false,"pivot":{"x":306.0987548828125,"y":288.97442626953127,"z":387.6480407714844},"rotation":{"x":-0.014740509912371636,"y":-0.9804245233535767,"z":0.07387667894363404,"w":-0.18214532732963563},"size":157.88302612304688,"orthographic":false}