{"cameraMode":{"drawMode":0,"name":"Shaded","section":"Shading Mode"},"sceneLighting":true,"audioPlay":false,"sceneViewState":{"m_AlwaysRefresh":false,"showFog":true,"showSkybox":true,"showFlares":true,"showImageEffects":true,"showParticleSystems":true,"showVisualEffectGraphs":true,"m_FxEnabled":true},"in2DMode":false,"pivot":{"x":-2.949007749557495,"y":-102.47823333740235,"z":-101.76933288574219},"rotation":{"x":0.020772412419319154,"y":-0.9780812859535217,"z":0.13638901710510255,"w":0.15621274709701539},"size":224.85934448242188,"orthographic":false}