{"cameraMode":{"drawMode":0,"name":"Shaded","section":"Shading Mode"},"sceneLighting":false,"audioPlay":false,"sceneViewState":{"m_AlwaysRefresh":false,"showFog":true,"showSkybox":false,"showFlares":true,"showImageEffects":true,"showParticleSystems":true,"showVisualEffectGraphs":true,"m_FxEnabled":true},"in2DMode":false,"pivot":{"x":-7.7839508056640629,"y":41.73447799682617,"z":-5.689750671386719},"rotation":{"x":-0.00038822079659439623,"y":0.9827831983566284,"z":-0.010277152992784977,"w":-0.1845220923423767},"size":63.63492965698242,"orthographic":false}